1|Вода|0.0|0.0|0.0|50|100.0|0|1|0
2|Глюкозы таблетки австрийские|0.0|0.899999976158142|96.4000015258789|96|100.0|0|1|0
3|Крахмал|0.100000001490116|0.0|79.5999984741211|70|100.0|0|1|0
4|Мёд|0.800000011920929|0.0|81.5|80|100.0|0|1|0
5|Сахар|0.0|0.0|99.8000030517578|65|100.0|0|1|0
6|Сахар коричневый тростник.|0.0|0.0|99.8000030517578|60|100.0|0|1|0
7|Баранки|10.3000001907349|1.20000004768372|68.5999984741211|60|100.0|0|3|0
8|Батон|7.5|2.90000009536743|50.5999984741211|70|100.0|0|3|1
9|Батон с изюмом|6.69999980926514|4.0|58.0|65|100.0|0|3|0
10|Блины|5.09999990463257|3.09999990463257|34.2999992370605|70|100.0|0|3|0
11|Блины масленичные|4.90000009536743|19.3999996185303|28.7999992370605|65|100.0|0|3|0
12|Блины с мясом|9.0|15.0|32.0|60|100.0|0|3|0
13|Булка сдобная|8.39999961853027|9.80000019073486|57.2000007629395|60|100.0|0|3|0
14|Булочка из слоеного теста|7.5|37.5|50.0|60|100.0|0|3|0
15|Гресини с кунжутом|10.0|13.0|64.4000015258789|65|100.0|0|3|0
16|Завитки слоеные с маком|8.89999961853027|18.3999996185303|62.7999992370606|70|100.0|0|3|0
17|Лаваш|8.60000038146973|1.0|56.0999984741211|87|100.0|0|3|0
18|Лепешка итальянская|9.60000038146973|10.3000001907349|51.0999984741211|70|100.0|0|3|0
19|Лепешка узбекская|8.69999980926514|0.899999976158142|57.9000015258789|87|100.0|0|3|0
20|Оладьи|10.0|13.6000003814697|42.7000007629395|60|100.0|0|3|0
21|Оладьи 19-06-09|5.5|15.0|29.2000007629395|70|100.0|0|3|0
22|Палочки  сдобные "Радонеж"|7.69999980926514|8.39999961853027|53.9000015258789|70|100.0|0|3|0
23|Палочки сдобные|9.10000038146973|8.19999980926514|66.9000015258789|65|100.0|0|3|0
24|Пицца "Ветчина с сыром"|9.0|6.90000009536743|17.6000003814697|60|100.0|0|3|0
25|Пицца "Casa Nostra"|11.3999996185303|8.5|29.7999992370605|60|100.0|0|3|0
26|Пицца на слоеном тесте|12.3999996185303|9.30000019073486|49.4000015258789|70|100.0|0|3|0
27|Плюшка "Московская"|7.59999990463257|8.69999980926514|57.2000007629395|60|100.0|0|3|0
28|Слойка "Сюрприз"|12.1999998092651|14.1999998092651|65.3000030517578|65|100.0|0|3|0
29|Сухарики белые|12.1999998092651|8.19999980926514|67.0|75|100.0|0|3|0
30|Сухарики черные|11.5|1.79999995231628|71.0|60|100.0|0|3|0
31|Тесто слоеное|5.40000009536743|27.0|36.0|60|100.0|0|3|0
32|Тесто слоёное дрожж."Семейные секреты"|5.5|17.8999996185303|42.5|60|100.0|0|3|0
33|Тесто слоёное дрожж."Forte Piano"|6.19999980926514|21.5|39.7999992370605|60|100.0|0|3|0
34|Хлеб белый|7.59999990463257|0.899999976158142|46.7000007629395|88|100.0|0|3|0
35|Хлеб черный|7.0|1.20000004768372|40.5999984741211|76|100.0|0|3|0
36|Йогурт "Данон" 1,5%|2.79999995231628|1.5|14.5|35|100.0|0|4|0
37|Йогурт "Летний день"|3.29999995231628|1.5|11.6999998092651|45|100.0|0|4|0
38|Йогурт "Campina" нежный|2.70000004768372|1.20000004768372|17.8999996185303|40|100.0|0|4|0
39|Йогурт 1.5%|3.29999995231628|1.5|11.3000001907349|40|100.0|0|4|0
40|Кефир жирный 3,2%|0.0|3.20000004768372|4.09999990463257|15|100.0|0|4|0
41|Молоко 2.5 %|2.90000009536743|2.5|4.5|30|100.0|0|4|0
42|Молоко топлёное 4%|2.90000009536743|4.0|4.69999980926514|50|100.0|0|4|0
43|Сгущёнка варёная "Густияр"|5.0|8.5|55.0|65|100.0|0|4|0
44|Сгущёнка варёная "Густияр"|5.0|8.5|55.0|65|100.0|0|4|0
45|Сгущёное молоко|5.0|6.0|56.0|65|100.0|0|4|0
46|Сметана 20 %|2.70000004768372|20.0|2.70000004768372|15|100.0|0|4|0
47|Соевый сыр Тофу|8.10000038146973|4.80000019073486|1.89999997615814|30|100.0|0|4|0
48|Сыр голландский|26.7000007629395|27.2000007629395|0.0|50|100.0|0|4|0
49|Сыр колбасный копченый|25.7000007629395|13.5|0.0|50|100.0|0|4|0
50|Сыр плавленый|22.0|20.0|0.0|50|100.0|0|4|0
51|Сыр российский|23.2999992370605|30.0|0.0|50|100.0|0|4|1
52|Сыр твердый|25.0|22.0|0.0|50|100.0|0|4|0
53|Сырники из творога|13.0|19.3999996185303|19.6000003814697|60|100.0|0|4|0
54|Сырок ванильный|10.3000001907349|22.5|24.5|55|100.0|0|4|0
55|Сырок творожный|16.0|0.0|11.6000003814697|50|100.0|0|4|0
56|Сырок творожный глазированный|7.59999990463257|28.0|33.0|50|100.0|0|4|0
57|Творог жирный|14.0|18.0|1.29999995231628|30|100.0|0|4|0
58|Творог лёгкий "Вкуснотеево"|18.0|0.300000011920929|3.29999995231628|40|100.0|0|4|0
59|Творог маложирный 1,8%|16.0|1.79999995231628|3.0|30|100.0|0|4|0
60|Творог нежирный|18.0|0.600000023841858|1.79999995231628|30|100.0|0|4|0
61|Творожная запеканка (R)|12.3000001907349|20.7000007629395|16.7000007629395|60|100.0|0|4|0
62|Творожная масса|4.5|16.0|18.0|60|100.0|0|4|0
63|Творожок "Даниссимо"|4.69999980926514|5.40000009536743|17.0|50|100.0|0|4|0
64|Творожок "Даниссимо"|4.69999980926514|5.40000009536743|17.0|50|100.0|0|4|0
65|Творожок "Экстра"|6.19999980926514|5.80000019073486|15.5|60|100.0|0|4|0
66|Яйца|12.6999998092651|11.5|0.699999988079071|60|100.0|0|5|0
67|Майонез|3.09999990463257|67.0|2.59999990463257|60|100.0|0|6|0
68|Майонез "Пикник"оливковый|2.29999995231628|15.0|4.0|50|100.0|0|6|0
69|Масло растительное|0.0|99.9000015258789|0.0|50|100.0|0|6|0
70|Масло сливочное|0.600000023841858|82.5|0.899999976158142|100|100.0|0|6|0
71|Спред "Рама Виталити"|0.200000002980232|55.0|0.200000002980232|50|100.0|0|6|0
72|Борщ украинский (R)|4.40000009536743|4.40000009536743|8.60000038146973|30|100.0|0|7|0
73|Лагман|3.09999990463257|2.20000004768372|10.5|55|100.0|0|7|0
74|Окрошка|2.40000009536743|3.20000004768372|5.0|60|100.0|0|7|0
75|Суп грибной с картофелем|1.39999997615814|2.0|2.40000009536743|48|100.0|0|7|0
76|Рассольник|6.30000019073486|3.20000004768372|5.5|48|100.0|0|7|0
77|Солянка сборная мясная (R)|5.0|4.5|1.70000004768372|60|100.0|0|7|0
78|Суп "Фрикадельки  с картофелем"|2.70000004768372|2.90000009536743|3.90000009536743|30|100.0|0|7|0
79|Суп 19-02-09|3.0|5.80000019073486|2.90000009536743|43|100.0|0|7|0
80|Суп гороховый (R)|2.5|2.29999995231628|3.59999990463257|30|100.0|0|7|0
81|Суп гороховый с лапшой|2.59999990463257|1.20000004768372|3.59999990463257|40|100.0|0|7|0
82|Суп грибной (R)|0.800000011920929|3.40000009536743|4.5|60|100.0|0|7|0
83|Суп грибной с картофелем|1.39999997615814|2.0|2.40000009536743|48|100.0|0|7|0
84|Суп из крупы с картофелем (R)|1.20000004768372|1.20000004768372|10.0|60|100.0|0|7|0
85|Суп из шашлыка|2.0|3.40000009536743|4.09999990463257|45|100.0|0|7|0
86|Суп картофельный с макаронами (R)|1.20000004768372|1.0|8.80000019073486|60|100.0|0|7|0
87|Суп с лапшой "Галина Бланка"|4.59999990463257|2.40000009536743|5.30000019073486|40|100.0|0|7|0
88|Суп с рисом и картофелем|6.59999990463257|3.20000004768372|4.5|47|100.0|0|7|0
89|Суп фасолевый (R)|2.20000004768372|1.60000002384186|6.5|60|100.0|0|7|0
90|Суп фасолевый 08-03-09|3.20000004768372|2.90000009536743|6.80000019073486|45|100.0|0|7|0
91|Суп-лапша концентрат "Галина Бланка"|15.5|3.0|60.5|60|100.0|0|7|0
92|Уха|8.5|1.70000004768372|4.30000019073486|60|100.0|0|7|0
93|Уха 25-02-09|3.20000004768372|0.200000002980232|5.09999990463257|45|100.0|0|7|0
94|Уха из красной рыбы|2.90000009536743|0.600000023841858|5.0|40|100.0|0|7|0
95|Харчо (R)|2.20000004768372|2.0|4.30000019073486|60|100.0|0|7|0
96|Щи из свежей капусты (R)|0.5|0.800000011920929|2.20000004768372|60|100.0|0|7|0
97|Вареники "Братцы" с вишней|6.5|3.5|37.0|70|100.0|0|8|0
98|Вареники "Братцы" с картошкой|5.80000019073486|5.0|32.2999992370605|55|100.0|0|8|0
99|Вареники "Ложкарев" картофель и грибы|4.30000019073486|2.40000009536743|25.7000007629395|80|100.0|0|8|0
100|Вареники картофельные со шкварками|4.90000009536743|4.19999980926514|44.5999984741211|70|100.0|0|8|0
101|Вареники с вишней|3.5|0.800000011920929|33.2000007629395|65|100.0|0|8|0
102|Вареники с картофелем|3.29999995231628|2.79999995231628|21.8999996185303|65|100.0|0|8|0
103|Голубцы|6.19999980926514|8.30000019073486|5.80000019073486|50|100.0|0|8|0
104|Горох с грудинкой 16-03-08|6.80000019073486|7.40000009536743|14.5|57|100.0|0|8|0
105|Горох с пережаренным мясом|9.10000038146973|4.5|10.6999998092651|55|100.0|0|8|0
106|Гренки Юлины|10.8999996185303|13.8000001907349|23.8999996185303|70|100.0|0|8|0
107|Грибы жареные с луком и сметаной|2.09999990463257|20.8999996185303|6.30000019073486|50|100.0|0|8|0
108|Картофель на противне|1.89999997615814|5.30000019073486|15.5|65|100.0|0|8|1
109|Картофель с грудинкой|4.19999980926514|10.3999996185303|5.59999990463257|60|100.0|0|8|0
110|Картофель с фаршем жареный|4.69999980926514|18.5|18.2000007629395|60|100.0|0|8|0
111|Картофель тушеный с капустой и мясом|5.30000019073486|11.0|4.90000009536743|45|100.0|0|8|0
112|Картофель тушеный с мясом|3.20000004768372|4.90000009536743|9.69999980926514|60|100.0|0|8|0
113|Картофель тушеный с мясом|3.20000004768372|4.90000009536743|9.69999980926514|60|100.0|0|8|0
114|Картофель тушеный со свининой|3.20000004768372|4.19999980926514|12.1000003814697|55|100.0|0|8|0
115|Лапша куриная домашняя|4.40000009536743|3.20000004768372|5.40000009536743|63|100.0|0|8|0
116|Лапша молочная с сахаром 17-02-08|4.69999980926514|2.40000009536743|22.2999992370605|55|100.0|0|8|0
117|Макароны жареные с колбасой|4.30000019073486|7.19999980926514|16.7000007629395|56|100.0|0|8|0
118|Макароны жареные с яйцами|7.0|6.90000009536743|16.2000007629395|65|100.0|0|8|0
119|Макароны по-флотски|5.19999980926514|13.6000003814697|15.5|57|100.0|0|8|0
120|Макароны по-флотски 06-02-08|6.40000009536743|11.6999998092651|18.3999996185303|65|100.0|0|8|0
121|Макароны с сыром|6.90000009536743|8.10000038146973|19.2000007629395|60|100.0|0|8|0
122|Макароны с яйцом|3.09999990463257|7.5|9.39999961853027|60|100.0|0|8|0
123|Макароны со шкварками|6.19999980926514|10.6999998092651|21.8999996185303|65|100.0|0|8|0
124|Молочная лапша с сахаром|3.5|4.5|11.6000003814697|65|100.0|0|8|0
125|Оладьи|10.0|13.6000003814697|42.7000007629395|60|100.0|0|8|0
126|Омлет|9.69999980926514|14.8999996185303|1.60000002384186|55|100.0|0|8|0
127|Пельмени "Ложкарев"|12.1000003814697|11.8000001907349|28.8999996185303|65|100.0|0|8|0
128|Пельмени "Медвежье ушко" вареные|6.19999980926514|6.5|18.7999992370605|70|100.0|0|8|0
129|Пельмени "Медвежье ушко" жареные|10.1999998092651|21.8999996185303|31.2000007629395|65|100.0|0|8|0
130|Пельмени домашние|7.69999980926514|9.0|19.8999996185303|65|100.0|0|8|0
131|Пельмени жареные "Ложкарев"|12.8000001907349|20.2000007629395|30.5|55|100.0|0|8|0
132|Плов 07-12-07|5.40000009536743|3.79999995231628|17.2000007629395|70|100.0|0|8|0
133|Плов 17-07-08|5.90000009536743|12.8999996185303|14.6999998092651|61|100.0|0|8|0
134|Плов из курицы|7.5|13.6000003814697|17.3999996185303|60|100.0|0|8|0
135|Плов из свинины|7.30000019073486|14.3999996185303|22.7000007629395|60|100.0|0|8|0
136|Плов из свинины 01-02-09|5.90000009536743|11.3000001907349|17.8999996185303|47|100.0|0|8|0
137|Плов с капустой|4.40000009536743|11.1000003814697|16.2000007629395|60|100.0|0|8|0
138|Подливка|1.20000004768372|8.30000019073486|7.90000009536743|60|100.0|0|8|0
139|Рис с овощами|3.09999990463257|6.5|27.6000003814697|55|100.0|0|8|0
140|Сардельки по-флотски|7.5|12.8999996185303|22.5|60|100.0|0|8|0
141|Суши с рисом|24.0|9.0|69.0|70|100.0|0|8|0
142|Фасоль с мясом|13.3999996185303|13.5|18.8999996185303|40|100.0|0|8|0
143|Аджика|3.09999990463257|67.0|2.59999990463257|60|100.0|0|9|0
144|Борщевая заправка "Магги"|0.0|0.0|0.0|50|100.0|0|9|0
145|Горчица|4.69999980926514|5.19999980926514|15.1999998092651|60|100.0|0|9|0
146|Грибной кубик "Голден спейс"|7.0|10.0|19.0|50|100.0|0|9|0
147|Зажарка "Магги" из лука и моркови|5.0|21.2000007629395|34.9000015258789|50|100.0|0|9|0
148|Кетчуп|1.20000004768372|0.0|17.0|60|100.0|0|9|0
149|Кетчуп "Лечо"|0.699999988079071|0.0|10.6999998092651|40|100.0|0|9|0
150|Кетчуп татарский|1.60000002384186|0.0|23.7000007629395|60|100.0|0|9|0
151|Кетчуп Calve неаполитанский|0.0|0.0|16.0|50|100.0|0|9|0
152|Кетчуп цыганский|0.899999976158142|0.0|5.59999990463257|60|100.0|0|9|0
153|Лапша "Ролтон"|3.79999995231628|3.59999990463257|26.3999996185303|40|100.0|0|9|0
154|Пюре картоф. "Быстринка"|9.0|5.0|70.0|68|100.0|0|9|0
155|Пюре картоф."Роллтон"|10.5|3.79999995231628|75.3000030517578|50|100.0|0|9|0
156|Томатная паста натуральная|4.80000019073486|0.0|15.8000001907349|50|100.0|0|9|0
157|Уксус яблочный|0.0|0.0|7.19999980926514|30|100.0|0|9|0
158|Говядина свежая|18.7999992370605|12.3000001907349|0.0|50|100.0|0|10|0
159|Говяжья печень свежая|17.2999992370605|3.0|0.0|50|100.0|0|10|0
160|Курица свежая|18.2000007629395|18.2999992370605|0.600000023841858|60|100.0|0|10|0
161|П/ф чахохобили охлаждён.из цыплёнка-бройлера|18.0|16.0|0.0|50|100.0|0|10|0
162|Печень свиная свежая|18.7000007629395|3.5|0.0|50|100.0|0|10|0
163|Свинина жирная свежая|11.3000001907349|49.2000007629395|0.0|50|100.0|0|10|0
164|Свинина мясная свежая|14.6000003814697|33.0|0.0|50|100.0|0|10|0
165|Филе охлаждён. из цыплёнка-бройлера|21.0|2.0|0.0|50|100.0|0|10|0
166|Бефстроганов (R)|21.8999996185303|27.3999996185303|5.69999980926514|60|100.0|0|11|0
167|Бефстроганов (R)|21.8999996185303|27.3999996185303|5.69999980926514|60|100.0|0|11|0
168|Бифштекс (R)|27.7999992370605|29.5|1.70000004768372|60|100.0|0|11|0
169|Бифштекс с луком(R)|25.0|25.0|3.40000009536743|60|100.0|0|11|0
170|Бифштекс с яйцом(R)|26.1000003814697|24.0|1.60000002384186|60|100.0|0|11|0
171|Ветчина свиная|22.6000003814697|20.7999992370605|0.0|50|100.0|0|11|0
172|Говядина вареная|25.7000007629395|16.7000007629395|0.0|50|100.0|0|11|0
173|Говядина жареная|35.0|28.7999992370605|0.0|50|100.0|0|11|0
174|Говядина с черносливом|17.0|20.3999996185303|8.39999961853027|41|100.0|0|11|0
175|Гуляш (R)|24.8999996185303|22.0|7.69999980926514|60|100.0|0|11|0
176|Гуляш Юлин|11.8999996185303|35.4000015258789|6.19999980926514|28|100.0|0|11|0
177|Гуляш мой|15.1000003814697|39.2999992370605|10.3000001907349|40|100.0|0|11|0
178|Зразы куриные с грибами"Золотой петушок"|11.1999998092651|15.5|17.1000003814697|50|100.0|0|11|0
179|Копченая корейка свиная|10.5|47.2000007629395|0.0|50|100.0|0|11|0
180|Котлета "Ложкарев"|13.5|8.5|6.5|50|100.0|0|11|0
181|Котлета свиная|12.3999996185303|29.8999996185303|12.8000001907349|50|100.0|0|11|0
182|Котлеты куриные|13.1999998092651|17.5|9.80000019073486|35|100.0|0|11|1
183|Котлеты куриные "Беседин"|11.0|9.0|3.0|35|100.0|0|11|0
184|Котлеты молоко+булка|14.1999998092651|8.89999961853027|10.3999996185303|50|100.0|0|11|0
185|Котлеты молоко+хлеб|13.0|28.7000007629395|10.1000003814697|60|100.0|0|11|0
186|Котлеты отбивные (R)|18.2000007629395|43.5|10.6999998092651|60|100.0|0|11|0
187|Котлеты по-киевски|21.6000003814697|27.7999992370605|28.7999992370605|65|100.0|0|11|0
188|Котлеты с картофелем 27-12-07|12.6000003814697|27.6000003814697|9.10000038146973|52|100.0|0|11|0
189|Котлеты свиные на манке|10.5|45.0|11.8000001907349|55|100.0|0|11|0
190|Котлеты свиные с картошкой|9.89999961853027|42.0999984741211|11.1000003814697|65|100.0|0|11|0
191|Курица в подливе|10.8999996185303|10.5|4.40000009536743|40|100.0|0|11|0
192|Курица вареная|25.2000007629395|7.40000009536743|0.0|50|100.0|0|11|0
193|Курица жареная|26.2000007629395|11.0|0.0|50|100.0|0|11|0
194|Курица под аджикой|21.0|23.5|1.5|50|100.0|0|11|0
195|Курица с овощами жареная|15.1000003814697|17.0|3.09999990463257|26|100.0|0|11|0
196|Курица тушеная|17.7000007629395|17.6000003814697|1.60000002384186|45|100.0|0|11|0
197|Курица тушеная с овощами|12.3999996185303|12.0|2.5|40|100.0|0|11|0
198|Мясо жареное с майонезом|11.6000003814697|39.0|2.59999990463257|25|100.0|0|11|0
199|Мясо копч.-грудинка свиная|7.5|66.8000030517578|0.0|50|100.0|0|11|0
200|Окорочка жареные|29.2000007629395|8.60000038146973|0.0|50|100.0|0|11|0
201|Паштет|10.0|20.0|5.0|30|100.0|0|11|0
202|Пельмени|10.0|20.0|30.0|50|100.0|0|11|0
203|Пельмени вареные|7.5|15.0|22.5|50|100.0|0|11|0
204|Печень жареная с луком (R)|23.7000007629395|21.2000007629395|3.90000009536743|60|100.0|0|11|0
205|Печень с молоком|10.3999996185303|8.5|4.80000019073486|43|100.0|0|11|0
206|Печень со сметаной|11.8999996185303|18.8999996185303|6.69999980926514|50|100.0|0|11|0
207|Печень со сметаной 30-01-08|20.3999996185303|12.5|5.40000009536743|51|100.0|0|11|0
208|Поджарка из говядины (R)|26.1000003814697|26.1000003814697|4.90000009536743|60|100.0|0|11|0
209|Ромштекс (R)|26.8999996185303|27.3999996185303|11.1000003814697|60|100.0|0|11|0
210|Свиная отбивная|14.8000001907349|28.7000007629395|5.0|50|100.0|0|11|0
211|Свинина вареная|22.6000003814697|51.5999984741211|0.0|50|100.0|0|11|0
212|Свинина жареная с болгарским перцем|8.69999980926514|41.7999992370605|5.40000009536743|59|100.0|0|11|0
213|Свинина на противне|19.0|82.9000015258789|0.0|50|100.0|0|11|0
214|Свинина с клюквой и овощами|9.39999961853027|22.7999992370605|5.09999990463257|52|100.0|0|11|0
215|Студень|10.3000001907349|16.0|0.800000011920929|50|100.0|0|11|0
216|Тефтели|7.09999990463257|13.6999998092651|7.80000019073486|70|100.0|0|11|0
217|Фарш жареный|9.19999980926514|42.4000015258789|3.90000009536743|40|100.0|0|11|0
218|Фарш жареный с овощами|5.90000009536743|25.5|8.19999980926514|18|100.0|0|11|0
219|Холодец СВ по-домашнему|16.0|10.0|0.800000011920929|50|100.0|0|11|0
220|Холодец свиной|25.1000003814697|27.1000003814697|2.70000004768372|60|100.0|0|11|0
221|Шашлык свиной|26.5|23.1000003814697|0.0|50|100.0|0|11|0
222|Шницель (R)|20.5|47.7000007629395|7.90000009536743|50|100.0|0|11|0
223|Эскалоп (R)|19.0|42.7999992370606|6.80000019073486|60|100.0|0|11|0
224|Колбаса вар.-копч.- сервелат|28.2000007629395|27.2000007629395|0.0|50|100.0|0|12|0
225|Колбаса докторская|13.6000003814697|22.7000007629395|0.0|50|100.0|0|12|0
226|Колбаса краковская|16.2000007629395|44.5|0.0|50|100.0|0|12|0
227|Сардельки свиные|10.1000003814697|31.6000003814697|1.89999997615814|60|100.0|0|12|0
228|Сосиски молочные|12.3000001907349|25.2000007629395|0.0|50|100.0|0|12|1
229|Сосиски свиные|11.8000001907349|30.7000007629395|0.0|50|100.0|0|12|0
230|Беляш|10.3000001907349|16.1000003814697|16.1000003814697|60|100.0|0|13|0
231|Беляш много теста|14.1000003814697|16.0|23.7000007629395|60|100.0|0|13|0
232|Пирожок с грибами|6.19999980926514|6.69999980926514|41.7000007629395|60|100.0|0|13|0
233|Пирожок с капустой|6.19999980926514|6.19999980926514|37.0999984741211|60|100.0|0|13|0
234|Пирожок с картошкой|6.40000009536743|7.40000009536743|37.9000015258789|60|100.0|0|13|0
235|Пирожок с мясом|13.1999998092651|7.5|41.2000007629395|60|100.0|0|13|0
236|Пирожок с рисом|4.80000019073486|1.0|43.5|60|100.0|0|13|0
237|Пирожок с яблоком|4.90000009536743|6.30000019073486|37.5|60|100.0|0|13|0
238|Сосиска в тесте|9.69999980926514|16.5|29.2999992370605|60|100.0|0|13|0
239|Шарлотка с яблоками|5.19999980926514|6.90000009536743|35.2000007629395|65|100.0|0|13|0
240|Эч-Почмак|10.1000003814697|14.5|38.0|60|100.0|0|13|0
241|Каша Геркулес без сахара|4.0|3.79999995231628|9.5|75|100.0|0|14|0
242|Каша Геркулес с сахаром|4.0|3.79999995231628|14.1000003814697|75|100.0|0|14|0
243|Каша кукурузная с сахаром|3.90000009536743|4.30000019073486|17.5|65|100.0|0|14|0
244|Каша манная|3.70000004768372|3.29999995231628|14.0|44|100.0|0|14|0
245|Каша манная с сахаром и маслом|3.79999995231628|5.90000009536743|13.6999998092651|70|100.0|0|14|0
246|Каша пшенная|5.30000019073486|5.69999980926514|18.6000003814697|45|100.0|0|14|0
247|Каша пшенная с сахаром|4.40000009536743|3.79999995231628|17.7000007629395|65|100.0|0|14|0
248|Каша рисовая молочная|3.09999990463257|2.0|13.3999996185303|40|100.0|0|14|0
249|Каша рисовая с изюмом|3.09999990463257|2.70000004768372|18.1000003814697|70|100.0|0|14|0
250|Каша рисовая с сахаром|3.29999995231628|2.0|18.5|65|100.0|0|14|0
251|Арахис|26.0|53.0|14.0|60|100.0|0|15|0
252|Кедровый орех|15.0|50.0|12.5|60|100.0|0|15|0
253|Кешью|20.6000003814697|48.2999992370606|22.0|35|100.0|0|15|0
254|Миндаль|15.0|50.0|13.6000003814697|60|100.0|0|15|0
255|Орехи грецкие|14.8000001907349|64.0|13.6999998092651|60|100.0|0|15|0
256|Семечки подсолнечника|20.7000007629395|52.9000015258789|5.0|30|100.0|0|15|0
257|Семечки тыквенные|22.1000003814697|48.2000007629395|4.5|30|100.0|0|15|0
258|Фисташки|15.0|40.0|29.0|60|100.0|0|15|0
259|Фундук|15.0|50.0|9.89999961853027|60|100.0|0|15|0
260|Абрикосы|0.800000011920929|0.0|10.5|35|100.0|0|16|0
261|Ананас|0.400000005960465|0.0|11.8000001907349|65|100.0|0|16|0
262|Апельсины|0.800000011920929|0.0|8.30000019073486|43|100.0|0|16|0
263|Арбуз|0.600000023841858|0.0|7.5|72|100.0|0|16|0
264|Банан|1.5|0.0|22.2999992370605|62|100.0|0|16|0
265|Виноград|0.400000005960465|0.0|17.5|59|100.0|0|16|0
266|Вишня|0.800000011920929|0.0|11.3000001907349|22|100.0|0|16|0
267|Гранат|0.800000011920929|0.0|11.8000001907349|30|100.0|0|16|0
268|Грейфрут|0.699999988079071|0.200000002980232|6.5|40|100.0|0|16|0
269|Груша|0.400000005960465|0.0|10.6000003814697|36|100.0|0|16|0
270|Дыня|0.600000023841858|0.0|9.60000038146973|43|100.0|0|16|0
271|Ежевика|2.0|0.0|5.30000019073486|40|100.0|0|16|0
272|Изюм|2.90000009536743|0.600000023841858|66.0|65|100.0|0|16|0
273|Киви|1.10000002384186|0.600000023841858|10.8000001907349|35|100.0|0|16|0
274|Клубника|1.70000004768372|0.0|8.10000038146973|30|100.0|0|16|0
275|Клюква|0.5|0.0|4.80000019073486|60|100.0|0|16|0
276|Крыжовник|0.600000023841858|0.0|9.80000019073486|40|100.0|0|16|0
277|Малина|0.800000011920929|0.0|9.0|30|100.0|0|16|0
278|Мандарины|0.800000011920929|0.0|8.10000038146973|40|100.0|0|16|0
279|Мандарины импортные|0.800000011920929|0.300000011920929|10.6000003814697|50|100.0|0|16|0
280|Мороженая вишня|0.800000011920929|0.0|10.6999998092651|22|100.0|0|16|0
281|Нектарин|1.10000002384186|0.300000011920929|10.6000003814697|45|100.0|0|16|0
282|Памело|0.899999976158142|0.0|7.0|43|100.0|0|16|0
283|Персики|0.800000011920929|0.0|10.3000001907349|42|100.0|0|16|0
284|Слива|0.800000011920929|0.0|9.80000019073486|24|100.0|0|16|0
285|Смородина|1.0|0.0|8.0|30|100.0|0|16|0
286|Фейхоа|1.20000004768372|0.800000011920929|10.6000003814697|30|100.0|0|16|0
287|Хурма|0.5|0.0|15.8000001907349|45|100.0|0|16|0
288|Чернослив|2.29999995231628|0.699999988079071|57.5|65|100.0|0|16|0
289|Яблоки|0.400000005960465|0.0|11.3000001907349|38|100.0|0|16|0
290|Баклажан свежий|0.600000023841858|0.0|5.5|15|100.0|0|17|0
291|Горошек зеленый свежий|5.0|0.200000002980232|13.3000001907349|47|100.0|0|17|0
292|Грибы быстрозаморож.опята|2.20000004768372|0.400000005960465|1.29999995231628|60|100.0|0|17|0
293|Грибы свежие - белые|3.20000004768372|0.699999988079071|1.60000002384186|60|100.0|0|17|0
294|Грибы свежие - лисички|1.60000002384186|0.899999976158142|2.09999990463257|60|100.0|0|17|0
295|Грибы свежие - маслята|0.899999976158142|0.400000005960465|3.20000004768372|60|100.0|0|17|0
296|Замороженый "Суп с шампиньон."|2.29999995231628|0.300000011920929|5.59999990463257|50|100.0|0|17|0
297|Капуста белокочанная|1.79999995231628|0.100000001490116|5.40000009536743|15|100.0|0|17|0
298|Капуста китайская пе-тсай|1.20000004768372|0.200000002980232|3.20000004768372|15|100.0|0|17|0
299|Картофель свежий|2.0|0.0|19.7000007629395|50|100.0|0|17|0
300|Лук зеленый свежий|13.0|0.0|4.30000019073486|60|100.0|0|17|0
301|Лук репчатый свежий|1.70000004768372|0.0|9.5|15|100.0|0|17|0
302|Морковь|1.20000004768372|0.0|7.0|85|100.0|0|17|0
303|Огурец свежий|0.800000011920929|0.0|3.0|15|100.0|0|17|0
304|Перец зеленый сладкий|1.29999995231628|0.100000001490116|4.69999980926514|50|100.0|0|17|0
305|Помидоры грунтовые свежие|0.600000023841858|0.0|4.09999990463257|15|100.0|0|17|0
306|Редис|1.20000004768372|0.0|4.0|60|100.0|0|17|0
307|Салат|1.5|0.0|2.20000004768372|10|100.0|0|17|0
308|Свекла|1.70000004768372|0.0|10.8000001907349|64|100.0|0|17|0
309|Тыква свежая|1.0|0.100000001490116|4.40000009536743|75|100.0|0|17|0
310|Фасоль зелёная|1.79999995231628|0.100000001490116|7.09999990463257|30|100.0|0|17|0
311|Фасоль свежая|22.2000007629395|1.70000004768372|54.5|35|100.0|0|17|0
312|Чеснок|6.5|0.100000001490116|21.2000007629395|50|100.0|0|17|0
313|Горох серый вареный|10.0|0.600000023841858|22.2000007629395|60|100.0|0|18|0
314|Кабачки жареные|1.0|8.89999961853027|8.69999980926514|30|100.0|0|18|0
315|Кабачки жареные|1.0|8.89999961853027|8.69999980926514|30|100.0|0|18|0
316|Капуста жареная|2.79999995231628|3.29999995231628|5.30000019073486|30|100.0|0|18|0
317|Капуста квашеная|0.800000011920929|0.0|1.79999995231628|50|100.0|0|18|0
318|Капуста с картофелем|3.20000004768372|1.20000004768372|7.59999990463257|65|100.0|0|18|0
319|Капуста с рисом и свининой|5.0|10.3000001907349|13.6999998092651|56|100.0|0|18|0
320|Капуста с сардельками|2.40000009536743|8.10000038146973|8.30000019073486|46|100.0|0|18|0
321|Капуста тушеная|2.59999990463257|5.80000019073486|6.40000009536743|30|100.0|0|18|0
322|Капуста тушеная с помидорами|5.19999980926514|5.19999980926514|5.5|35|100.0|0|18|0
323|Капуста+картофель тушеная с фаршем|3.90000009536743|1.89999997615814|7.19999980926514|55|100.0|0|18|0
324|Картофель вареный|2.70000004768372|0.0|16.7000007629395|70|100.0|0|18|0
325|Картофель жареный|2.5|6.69999980926514|15.3000001907349|69|100.0|0|18|0
326|Картофель пюре|2.70000004768372|3.20000004768372|14.3000001907349|68|100.0|0|18|0
327|Картофель-фри|4.59999990463257|17.7000007629395|26.6000003814697|60|100.0|0|18|0
328|Кукурузные хлопья неглазированные|6.59999990463257|0.800000011920929|55.0|60|100.0|0|18|0
329|Лечо|1.20000004768372|0.300000011920929|3.40000009536743|30|100.0|0|18|0
330|Лук жареный|4.80000019073486|14.0|25.2000007629395|60|100.0|0|18|0
331|Морковь вареная|1.20000004768372|0.0|7.0|75|100.0|0|18|0
332|Моя корейская морковь|1.20000004768372|5.0|11.1999998092651|50|100.0|0|18|0
333|Перец фаршированный|2.09999990463257|4.80000019073486|7.09999990463257|40|100.0|0|18|0
334|Попкорн полуфабрикат|9.0|10.5|54.0|50|100.0|0|18|0
335|Фасоль вареная|7.80000019073486|0.5|21.5|30|100.0|0|18|0
336|Фасоль вареная с помидорами|6.09999990463257|2.5|15.5|57|100.0|0|18|0
337|Фасоль с капустой тушёные|3.70000004768372|5.30000019073486|11.8000001907349|35|100.0|0|18|0
338|Чипсы|5.0|32.7000007629395|52.0|70|100.0|0|18|0
339|Морковь сыр чеснок|6.5|11.0|5.59999990463257|45|100.0|0|19|0
340|Мясной салат|5.69999980926514|16.0|5.69999980926514|53|100.0|0|19|0
341|Овощной с маслом|1.89999997615814|6.19999980926514|3.40000009536743|30|100.0|0|19|0
342|Овощной со сметаной|2.20000004768372|4.5|3.5|40|100.0|0|19|0
343|Оливье|5.69999980926514|16.0|5.69999980926514|50|100.0|0|19|0
344|Оливье незаправленный|5.59999990463257|5.30000019073486|7.59999990463257|64|100.0|0|19|0
345|Салат "Гранат"|10.1999998092651|26.3999996185303|6.0|40|100.0|0|19|0
346|Салат "Казанова"|11.8000001907349|14.3000001907349|5.69999980926514|40|100.0|0|19|0
347|Салат "Мимоза"|11.1999998092651|18.7000007629395|2.0|49|100.0|0|19|0
348|Салат "Нева"|9.5|24.1000003814697|4.5|40|100.0|0|19|0
349|Салат из кириешек с фасолью и кукурузой|6.80000019073486|10.6999998092651|31.3999996185303|58|100.0|0|19|0
350|Салат мясной|6.19999980926514|21.2000007629395|4.69999980926514|56|100.0|0|19|0
351|Салат свекла+орех с майонезом|3.70000004768372|15.8000001907349|10.0|59|100.0|0|19|0
352|Салат сыр с чесноком и майонез|16.0|31.2999992370605|2.0|53|100.0|0|19|0
353|Свекла с майонезом|2.09999990463257|16.7999992370605|8.60000038146973|72|100.0|0|19|0
354|Свекла с черносливом|3.79999995231628|15.8000001907349|15.6000003814697|63|100.0|0|19|0
355|Сельдь под шубой|9.19999980926514|12.8999996185303|8.60000038146973|50|100.0|0|19|0
356|Столичный|14.8000001907349|10.1000003814697|6.59999990463257|40|100.0|0|19|0
357|"Под шубой"|8.0|12.8999996185303|4.80000019073486|58|100.0|0|19|0
358|Фасоль с сыром и креветками|8.80000019073486|15.6000003814697|10.6999998092651|30|100.0|0|19|0
359|Крупа - горох|23.0|1.20000004768372|53.2999992370606|60|100.0|0|20|0
360|Крупа - гречневая|12.6000003814697|2.59999990463257|68.0|60|100.0|0|20|0
361|Крупа - кукурузная|10.3000001907349|4.90000009536743|67.5|60|100.0|0|20|0
362|Крупа - манная|11.3000001907349|0.699999988079071|73.3000030517578|60|100.0|0|20|0
363|Крупа - овсяная|11.8999996185303|5.80000019073486|65.4000015258789|60|100.0|0|20|0
364|Крупа - перловая|9.30000019073486|1.10000002384186|73.6999969482422|50|100.0|0|20|0
365|Крупа - пшенная|12.0|2.90000009536743|69.3000030517578|60|100.0|0|20|0
366|Крупа - ржаная|9.89999961853027|1.60000002384186|70.9000015258789|60|100.0|0|20|0
367|Крупа - рис|7.0|0.5|77.3000030517578|60|100.0|0|20|0
368|Крупа - фасоль|22.2999992370605|1.70000004768372|54.5|60|100.0|0|20|0
369|Крупа - ячменная|11.5|2.0|65.8000030517578|60|100.0|0|20|0
370|Крупа - ячневая|10.3999996185303|1.29999995231628|71.6999969482422|60|100.0|0|20|0
371|Лапша китайская чоу-мейн (готовое блюдо)|8.39999961853027|30.7999992370605|57.5|70|100.0|0|20|0
372|Лапша одноразовая|7.90000009536743|22.7999992370605|60.7999992370606|65|100.0|0|20|0
373|Лапша рисовая сухая|3.40000009536743|0.600000023841858|83.1999969482422|70|100.0|0|20|0
374|Лапша стеклянная китайская бун-тао сухая (из маша/mung beans)|0.200000002980232|0.100000001490116|86.0999984741211|70|100.0|0|20|0
375|Лапша яичная "Талларина"|10.0|2.0|70.0|70|100.0|0|20|0
376|Лапша яичная сухая|14.1999998092651|4.40000009536743|71.3000030517578|70|100.0|0|20|0
377|Лапша японская соба сухая|14.3999996185303|0.699999988079071|74.5999984741211|70|100.0|0|20|0
378|Лапша японская сомен сухая|11.3999996185303|0.800000011920929|74.0999984741211|70|100.0|0|20|0
379|Макароны|12.0|1.10000002384186|75.0|60|100.0|0|20|0
380|Мука Оскольская высший сорт|10.3000001907349|1.10000002384186|68.9000015258789|69|100.0|0|20|0
381|Мука   пшеничная в/с|10.3000001907349|0.899999976158142|74.1999969482422|60|100.0|0|20|0
382|Мука кукурузная|7.19999980926514|1.5|75.8000030517578|60|100.0|0|20|0
383|Овсяные хлопья "Геркулес"|13.1000003814697|6.19999980926514|65.6999969482422|50|100.0|0|20|0
384|Спагетти сухие|10.3999996185303|1.10000002384186|71.5|60|100.0|0|20|0
385|Хлопья "NordiC" 4 вида зерновых|11.0|2.79999995231628|63.0|50|100.0|0|20|0
386|Хлопья "NordiC" овсяные|14.0|6.69999980926514|56.0|50|100.0|0|20|0
387|Хлопья "NordiC" овсяные|14.0|6.69999980926514|56.0|50|100.0|0|20|0
388|Вареная вермишель|3.09999990463257|0.300000011920929|18.6000003814697|35|100.0|0|21|0
389|Вареная гречка|4.19999980926514|1.0|22.7000007629395|40|100.0|0|21|0
390|Вареная гречка средняя|3.59999990463257|0.699999988079071|19.3999996185303|40|100.0|0|21|0
391|Вареные  макароны|3.79999995231628|0.5|27.0|65|100.0|0|21|0
392|Вареный рис|2.29999995231628|0.200000002980232|25.7000007629395|70|100.0|0|21|0
393|Горох вареный|10.0|0.699999988079071|22.2999992370605|40|100.0|0|21|0
394|Гречка 05-06-08|4.0|0.800000011920929|21.5|40|100.0|0|21|0
395|Гречка разваристая|3.29999995231628|0.800000011920929|18.0|40|100.0|0|21|0
396|Бычки в томате конс.|12.8000001907349|8.10000038146973|5.09999990463257|60|100.0|0|22|0
397|Вобла вяленая|17.5|2.0|0.0|50|100.0|0|22|0
398|Горбуша солёная|22.1000003814697|9.0|0.0|50|100.0|0|22|0
399|Икра лещевая пробойная|24.7000007629395|4.80000019073486|0.0|50|100.0|0|22|0
400|Икра трески|19.0|1.0|0.0|50|100.0|0|22|0
401|Кета жареная|22.2000007629395|15.8000001907349|3.90000009536743|50|100.0|0|22|0
402|Крабовые палочки|6.90000009536743|2.5|15.3999996185303|50|100.0|0|22|0
403|Ледяная рыба жареная|20.3999996185303|11.1000003814697|3.59999990463257|60|100.0|0|22|0
404|Лещ жареный|24.2000007629395|13.5|3.20000004768372|50|100.0|0|22|0
405|Минтай жареный|19.0|11.5|3.40000009536743|50|100.0|0|22|0
406|Минтай запеченый с майонезом|22.2999992370605|6.30000019073486|0.200000002980232|50|100.0|0|22|0
407|Мойва жаренная|21.5|29.0|4.30000019073486|60|100.0|0|22|0
408|Окунь в кляре|23.7999992370605|23.1000003814697|7.19999980926514|50|100.0|0|22|0
409|Окунь морской крупный горячего копчения|23.5|9.0|0.0|50|100.0|0|22|0
410|Осьминоги жареные|35.2000007629395|13.1000003814697|2.70000004768372|15|100.0|0|22|0
411|Печень трески в масле конс.|4.09999990463257|65.5999984741211|0.0|50|100.0|0|22|0
412|Ромштекс лосось с сыром|13.8000001907349|21.5|15.8999996185303|60|100.0|0|22|0
413|Рыба в кляре|25.8999996185303|18.0|6.19999980926514|60|100.0|0|22|0
414|Рыба жареная|16.6000003814697|11.3000001907349|10.6000003814697|60|100.0|0|22|0
415|Рыбные котлеты (R)|11.8000001907349|6.09999990463257|2.70000004768372|60|100.0|0|22|0
416|Сардина атлантич. с овощным гарниром в томатном соусе|19.0|5.0|3.59999990463257|50|100.0|0|22|0
417|Сардина в масле атлантич. бланшированная|18.0|22.0|0.0|50|100.0|0|22|0
418|Сардины в масле конс.|17.7999992370605|19.7000007629395|0.0|50|100.0|0|22|0
419|Сельдь атлантическая пряного посола|16.0|18.0|0.0|50|100.0|0|22|0
420|Скумбрия в масле конс.|20.7000007629395|22.7999992370605|0.0|50|100.0|0|22|0
421|Скумбрия х/к|18.0|18.0|0.0|50|100.0|0|22|0
422|Скумбрия х/к|18.0|18.0|0.0|50|100.0|0|22|0
423|Сом в сметане|8.39999961853027|6.40000009536743|4.59999990463257|50|100.0|0|22|0
424|Тунец консервированный|23.5|0.600000023841858|0.0|50|100.0|0|22|0
425|Филе сельди "Томич"|18.0|16.0|0.0|50|100.0|0|22|0
426|Филе тунца в масле "Пеликан"|23.0|4.40000009536743|0.400000005960465|50|100.0|0|22|0
427|Филе тунца в масле "Пеликан"|23.0|4.40000009536743|0.400000005960465|50|100.0|0|22|0
428|Фишбургер|8.89999961853027|30.0|11.3999996185303|50|100.0|0|22|0
429|Шпроты в масле|17.2999992370605|32.4000015258789|0.0|50|100.0|0|22|0
430|Карась св.|17.7000007629395|1.70000004768372|0.0|50|100.0|0|23|0
431|Карп свежий|16.0|3.5|0.0|50|100.0|0|23|0
432|Кета свежая|22.0|5.5|0.0|50|100.0|0|23|0
433|Краб камчатский|16.0|0.5|0.0|50|100.0|0|23|0
434|Ледяная рыба|15.5|1.39999997615814|0.0|50|100.0|0|23|0
435|Лещ|17.1000003814697|4.0|0.0|50|100.0|0|23|0
436|Макрурус|13.3000001907349|1.60000002384186|0.0|50|100.0|0|23|0
437|Минтай|15.8000001907349|0.600000023841858|0.0|50|100.0|0|23|0
438|Мойва осенняя|13.6000003814697|17.5|3.0|50|100.0|0|23|0
439|Морской коктейль|17.5|0.0|0.0|50|100.0|0|23|0
440|Морской окунь св.|17.6000003814697|5.09999990463257|0.0|50|100.0|0|23|0
441|Окунь речной св.|18.5|0.800000011920929|0.0|50|100.0|0|23|0
442|Осьминог (мясо туловища)|9.80000019073486|0.800000011920929|0.0|50|100.0|0|23|0
443|Палтус св.|12.8000001907349|16.1000003814697|0.0|50|100.0|0|23|0
444|Путассу св.|18.5|0.800000011920929|0.0|50|100.0|0|23|0
445|Ромштекс лосось с сыром полуфабрикат|13.0|8.0|15.0|50|100.0|0|23|0
446|Судак св.|19.0|0.800000011920929|0.0|50|100.0|0|23|0
447|Щука св.|18.7000007629395|0.600000023841858|0.0|50|100.0|0|23|0
448|Ананас в легком сиропе|0.400000005960465|0.0|17.0|70|100.0|0|24|0
449|Блины с мясом сырые|9.60000038146973|5.69999980926514|28.7000007629395|60|100.0|0|24|0
450|Горошек "Бондюэль"|5.09999990463257|0.5|8.5|48|100.0|0|24|0
451|Горошек консервированный|4.09999990463257|0.300000011920929|8.60000038146973|48|100.0|0|24|0
452|Заготовка для окрошки|6.90000009536743|5.40000009536743|9.10000038146973|47|100.0|0|24|0
453|Звездочки "Космостар"|5.30000019073486|7.30000019073486|82.4000015258789|75|100.0|0|24|0
454|Какао "Принцесса"|3.40000009536743|2.20000004768372|92.0|85|100.0|0|24|0
455|Какао "3 в 1"|5.0|3.0|80.0|65|100.0|0|24|0
456|Какао-порошок|24.5|11.1999998092651|28.2999992370605|50|100.0|0|24|0
457|Кофе "3 в 1"|1.89999997615814|11.8000001907349|77.6999969482422|65|100.0|0|24|0
458|Креветки натуральные|17.5|2.0|0.0|50|100.0|0|24|0
459|Кукуруза консервированная|3.90000009536743|1.29999995231628|22.0|65|100.0|0|24|0
460|Лапша "Big-Bon"|9.60000038146973|13.8000001907349|54.0|70|100.0|0|24|0
461|Маслины без косточек "Corrado"|1.5|16.0|4.0|50|100.0|0|24|0
462|Огурцы маринованные|2.70000004768372|0.0|1.20000004768372|60|100.0|0|24|0
463|Паштет из индейки|14.1999998092651|12.8000001907349|5.59999990463257|50|100.0|0|24|0
464|Пельмени "Медвежье ушко"|9.5|10.0|29.0|50|100.0|0|24|0
465|Пельмени магазинные|11.5|12.6999998092651|21.2000007629395|60|100.0|0|24|0
466|Пельмени сибирские|14.0|5.80000019073486|53.5999984741211|60|100.0|0|24|0
467|Персики в сиропе|0.0|0.0|13.6999998092651|70|100.0|0|24|0
468|Помидоры консервированные|0.600000023841858|0.200000002980232|4.09999990463257|30|100.0|0|24|0
469|Фасоль красная консервированная|4.69999980926514|0.300000011920929|15.5|30|100.0|0|24|0
470|Вермут|0.0|0.0|14.5|70|100.0|0|25|0
471|Вино крепленое|0.0|0.0|24.0|22|100.0|0|25|0
472|Вино полусладкое|0.0|0.0|4.0|30|100.0|0|25|0
473|Вино сладкое|0.0|0.0|16.0|80|100.0|0|25|0
474|Вино сухое|0.200000002980232|0.0|0.300000011920929|50|100.0|0|25|0
475|Вино шампанское полусухое|0.0|0.0|2.0|22|100.0|0|25|0
476|Квас "Добрыня"|0.0|0.0|5.69999980926514|65|100.0|0|25|0
477|Квас "Никола"|0.0|0.0|7.19999980926514|65|100.0|0|25|0
478|Квас "Никола" окрошечный|0.0|0.0|5.5|70|100.0|0|25|0
479|Квас "Никола" хмельной|0.0|0.0|5.90000009536743|80|100.0|0|25|0
480|Квас "Очаково"|0.0|0.0|5.5|75|100.0|0|25|0
481|Квас "Першинь"|0.0|0.0|6.80000019073486|75|100.0|0|25|0
482|Кисель|0.0|0.0|5.09999990463257|50|100.0|0|25|0
483|Клюквенный кисель|0.0|0.0|14.6999998092651|50|100.0|0|25|0
484|Наливка|0.0|0.0|75.0|25|100.0|0|25|0
485|Нектар манго|0.0|0.0|16.3999996185303|65|100.0|0|25|0
486|Пиво "Бочкарев" светлое|0.0|0.0|3.90000009536743|85|100.0|0|25|0
487|Пиво светлое|0.800000011920929|0.0|4.59999990463257|50|100.0|0|25|0
488|Пиво Heineken|0.800000011920929|0.0|3.0|65|100.0|0|25|0
489|Пиво Holsten|0.0|0.0|3.20000004768372|80|100.0|0|25|0
490|Пиво Kozel|0.0|0.0|3.40000009536743|60|100.0|0|25|0
491|Сок томатный|1.0|0.0|3.29999995231628|15|100.0|0|25|0
492|Сок яблочный|0.5|0.0|11.6999998092651|40|100.0|0|25|0
493|Чай "Lipton"|0.0|0.0|6.90000009536743|70|100.0|0|25|0
494|Блинчики с клубничным джемом|5.40000009536743|3.0|45.5|60|100.0|0|26|0
495|Блинчки с вишней|10.0|18.0|54.0|65|100.0|0|26|0
496|Кекс|5.5|5.80000019073486|45.0999984741211|65|100.0|0|26|0
497|Крекер с беконом|7.69999980926514|27.6000003814697|54.0|75|100.0|0|26|0
498|Крекер с гречихой|10.8000001907349|6.30000019073486|71.0999984741211|65|100.0|0|26|0
499|Крекер с сыром|8.69999980926514|19.3999996185303|61.5|60|100.0|0|26|0
500|Печенье крекер|8.89999961853027|23.6000003814697|61.9000015258789|65|100.0|0|26|0
501|Печенье овсяное|6.40000009536743|13.3999996185303|70.8000030517578|75|100.0|0|26|0
502|Печенье с джемом|6.5|31.7999992370605|52.7000007629395|60|100.0|0|26|0
503|Печенье с корицей|6.40000009536743|16.7000007629395|71.8000030517578|75|100.0|0|26|0
504|Печенье сдобное|10.3000001907349|5.09999990463257|76.8000030517578|50|100.0|0|26|0
505|Печенье сдобное "Счастливый день"|7.40000009536743|19.1000003814697|66.0999984741211|75|100.0|0|26|0
506|Печенье сдобное с мармеладом|6.80000019073486|15.1999998092651|35.0|65|100.0|0|26|0
507|Пирог маковый "Флай"|3.29999995231628|12.0|47.0|70|100.0|0|26|0
508|Пирог фруктовый|6.5|8.69999980926514|55.0999984741211|70|100.0|0|26|0
509|Пирожное "Экзотика"|6.59999990463257|8.89999961853027|28.8999996185303|45|100.0|0|26|0
510|Пончик с апельсиновой начинкой|12.1000003814697|11.6000003814697|20.2999992370605|50|100.0|0|26|0
511|Рулет|5.5|10.3999996185303|67.0999984741211|60|100.0|0|26|0
512|Торт "Каприз"|3.0|13.0|27.0|45|100.0|0|26|0
513|Торт "Муравейник"|7.69999980926514|17.3999996185303|61.7999992370605|70|100.0|0|26|0
514|Торт "Наполеон"|2.90000009536743|16.2999992370605|36.5999984741211|45|100.0|0|26|0
515|Торт "Пьяная вишня"|6.59999990463257|13.1999998092651|31.7999992370605|40|100.0|0|26|0
516|Торт бисквитный с фрукт.начинкой|4.69999980926514|11.8000001907349|49.7999992370606|45|100.0|0|26|0
517|Торт вафельный|7.40000009536743|31.2000007629395|46.7000007629395|60|100.0|0|26|0
518|Торт йогурт-киви|2.09999990463257|7.0|37.0|40|100.0|0|26|0
519|Торт йогуртовый с виноградом|3.59999990463257|9.0|28.7000007629395|50|100.0|0|26|0
520|Торт медовый|4.59999990463257|13.3000001907349|53.9000015258789|40|100.0|0|26|0
521|Торт слоеный с кремом|5.0|37.4000015258789|44.0|45|100.0|0|26|0
522|Торт сметанный|4.59999990463257|12.5|38.5|40|100.0|0|26|0
523|Треугольник с джемом|4.59999990463257|8.89999961853027|54.2999992370605|65|100.0|0|26|0
524|Хлопья кукурузные глазированные|6.19999980926514|0.899999976158142|74.0999984741211|65|100.0|0|26|0
525|Чак-чак|7.0|32.0|61.0|65|100.0|0|26|0
526|Шарлотка яблочная|3.29999995231628|0.300000011920929|61.4000015258789|61|100.0|0|26|0
527|Эклер|8.19999980926514|37.9000015258789|41.5999984741211|30|100.0|0|26|0
528|Арахис жареный в сахаре|15.0|26.0|58.0|65|100.0|0|27|0
529|Батончик шоколадный|3.20000004768372|24.1000003814697|64.0|65|100.0|0|27|0
530|Варенье клубничное|0.300000011920929|0.0|76.9000015258789|70|100.0|0|27|0
531|Глюкоза|0.0|0.0|99.9000015258789|100|100.0|0|27|0
532|Десерт "Йогурт-вишня"|3.5|7.0|49.2999992370605|45|100.0|0|27|0
533|Десерт "Каспер"|4.59999990463257|16.2000007629395|19.7999992370605|60|100.0|0|27|0
534|Желе|3.20000004768372|0.0|18.5|65|100.0|0|27|0
535|Ириска|0.0|0.0|95.0|80|100.0|0|27|0
536|Карамельный десерт|4.59999990463257|21.7999992370605|34.4000015258789|40|100.0|0|27|0
537|Козинаки арахис|19.0|32.5999984741211|39.0|45|100.0|0|27|0
538|Козинаки из семечек|12.6000003814697|32.0999984741211|34.2999992370605|60|100.0|0|27|0
539|Конфеты "Птичье молоко"|2.90000009536743|25.2000007629395|62.0|60|100.0|0|27|0
540|Конфеты "Nesquick"|6.80000019073486|33.4000015258789|56.0|40|100.0|0|27|0
541|Мармелад|0.0|0.100000001490116|77.6999969482422|50|100.0|0|27|0
542|Мёд|0.800000011920929|0.0|81.5|70|100.0|0|27|0
543|Шоколад "Godiva Fine"|4.69999980926514|30.5|54.0999984741211|40|100.0|0|27|0
544|Шоколад горький  "Золотой бархат" 99%|13.5|54.0|15.6999998092651|25|100.0|0|27|0
545|Шоколад горький "Верность качеству" 99%|13.5|54.0|15.6999998092651|25|100.0|0|27|0
546|Шоколад молочный|6.5|31.3999996185303|58.5999984741211|40|100.0|0|27|0
547|Шоколад молочный "Godiva"|11.6000003814697|39.5|44.2000007629395|40|100.0|0|27|0
548|Шоколад темный|6.69999980926514|33.2999992370605|52.5|40|100.0|0|27|0
549|Шоколадные конфеты|3.20000004768372|23.6000003814697|63.7999992370605|60|100.0|0|27|0
550|Mars|4.40000009536743|18.2000007629395|68.0|70|100.0|0|27|0
551|Nuts|6.80000019073486|24.2000007629395|60.5|70|100.0|0|27|0
552|Picnic|8.10000038146973|28.8999996185303|53.2999992370606|70|100.0|0|27|0
553|Snikers|8.89999961853027|30.3999996185303|55.0999984741211|70|100.0|0|27|0
554|Twix|5.0|24.8999996185303|63.7000007629395|60|100.0|0|27|0
555|Молоко с соком|0.5|2.0|12.1999998092651|70|100.0|0|28|0
556|Молочный коктейль|2.79999995231628|2.0|9.5|40|100.0|0|28|0
557|Мороженое "Гигант"|4.09999990463257|14.3999996185303|32.5999984741211|30|100.0|0|28|0
558|Мороженое "Ля Фам"клубн.со сливк.|4.30000019073486|13.8999996185303|31.1000003814697|50|100.0|0|28|0
559|Мороженое "Нестле 48 копеек"|2.09999990463257|6.0|23.7999992370605|40|100.0|0|28|0
560|Мороженое "Рефлекс"|2.0|23.3999996185303|30.6000003814697|35|100.0|0|28|0
561|Мороженое молочное|4.09999990463257|3.09999990463257|21.3999996185303|40|100.0|0|28|0
562|Мороженое пломбир в шоколаде|2.20000004768372|12.5|14.0|35|100.0|0|28|0
563|Питьевое пюре "Botaniq" банан+клубника|0.0|0.0|14.8999996185303|50|100.0|0|28|0
564|Эскимо|10.0|33.2000007629395|24.6000003814697|40|100.0|0|28|0
565|Картофель пюре|2.52999997138977|3.70000004768372|14.2600002288818|90|100.0|0|8|2
566|Ряженка 4%|2.82999992370605|4.0|4.26000022888184|50|100.0|0|4|1
